-- phpMyAdmin SQL Dump
-- version 5.2.1
-- https://www.phpmyadmin.net/
--
-- Хост: localhost
-- Время создания: Янв 25 2025 г., 11:33
-- Версия сервера: 8.0.36
-- Версия PHP: 7.4.33

SET SQL_MODE = "NO_AUTO_VALUE_ON_ZERO";
START TRANSACTION;
SET time_zone = "+00:00";


/*!40101 SET @OLD_CHARACTER_SET_CLIENT=@@CHARACTER_SET_CLIENT */;
/*!40101 SET @OLD_CHARACTER_SET_RESULTS=@@CHARACTER_SET_RESULTS */;
/*!40101 SET @OLD_COLLATION_CONNECTION=@@COLLATION_CONNECTION */;
/*!40101 SET NAMES utf8mb4 */;

--
-- База данных: `test`
--

-- --------------------------------------------------------

--
-- Структура таблицы `answer`
--

CREATE TABLE `answer` (
  `fio` text COLLATE utf8mb4_general_ci NOT NULL,
  `number_q` int NOT NULL,
  `ans` text COLLATE utf8mb4_general_ci NOT NULL
) ENGINE=InnoDB DEFAULT CHARSET=utf8mb4 COLLATE=utf8mb4_general_ci;

--
-- Дамп данных таблицы `answer`
--

INSERT INTO `answer` (`fio`, `number_q`, `ans`) VALUES
('грнаодрпм', 1, 'Нет'),
('грнаодрпм', 2, 'болше 8 часов'),
('грнаодрпм', 3, 'За душу берёт'),
('Сынгур александр денисович', 1, 'Да'),
('Сынгур александр денисович', 2, '6-8 часов'),
('Сынгур александр денисович', 3, 'За душу берёт'),
('bafbreba', 1, 'Нет'),
('bafbreba', 2, 'болше 8 часов'),
('bafbreba', 3, 'Реально'),
('икеекик', 1, 'Да'),
('икеекик', 2, '6-8 часов'),
('икеекик', 3, 'За душу берёт'),
('bebfvb', 1, 'Нет'),
('bebfvb', 2, '0-2 часа'),
('bebfvb', 3, 'Ёу'),
('sdvdvs', 1, 'Да'),
('sdvdvs', 2, '0-2 часа'),
('sdvdvs', 3, 'Ёу'),
('gviervberv', 1, 'Нет'),
('gviervberv', 2, '3-5 часов'),
('gviervberv', 3, 'За душу берёт'),
('h5htgty', 1, 'Нет'),
('h5htgty', 2, '0-2 часа'),
('h5htgty', 3, 'Ёу'),
('dpbifhudfnb', 1, 'Да'),
('dpbifhudfnb', 2, 'болше 8 часов'),
('dpbifhudfnb', 3, 'Реально'),
('hthgfdb', 1, 'Да'),
('hthgfdb', 2, '3-5 часов'),
('hthgfdb', 3, 'За душу берёт'),
('vjzhbkjvsnoer', 1, 'Да'),
('vjzhbkjvsnoer', 2, '6-8 часов'),
('vjzhbkjvsnoer', 3, 'Реально'),
('dbdfvfdvrfe', 1, 'Да'),
('dbdfvfdvrfe', 2, 'болше 8 часов'),
('dbdfvfdvrfe', 3, 'Ёу'),
('vsdvvvvvvvvvvds', 1, 'Да'),
('vsdvvvvvvvvvvds', 2, '3-5 часов'),
('vsdvvvvvvvvvvds', 3, 'Ёу'),
('hgcfvj', 1, 'Нет'),
('hgcfvj', 2, 'болше 8 часов'),
('hgcfvj', 3, 'За душу берёт'),
('fgkfll', 1, 'Нет'),
('fgkfll', 2, '0-2 часа'),
('fgkfll', 3, 'За душу берёт'),
('fgkfll', 1, 'Да'),
('fgkfll', 2, 'болше 8 часов'),
('fgkfll', 3, 'За душу берёт'),
('арпмлмм', 1, 'Да'),
('арпмлмм', 2, 'болше 8 часов'),
('арпмлмм', 3, 'За душу берёт'),
('hvdbajlfdbv', 1, 'Нет'),
('hvdbajlfdbv', 2, '3-5 часов'),
('hvdbajlfdbv', 3, 'Реально'),
('мпируавку', 1, 'Да'),
('мпируавку', 2, '6-8 часов'),
('мпируавку', 3, 'За душу берёт'),
('муамцуцуцу', 1, 'Нет'),
('муамцуцуцу', 2, '0-2 часа'),
('муамцуцуцу', 3, 'За душу берёт'),
('cdscw', 1, 'Да'),
('cdscw', 2, '6-8 часов'),
('cdscw', 3, 'За душу берёт'),
('verwvd', 1, 'Да'),
('verwvd', 2, 'болше 8 часов'),
('verwvd', 3, 'За душу берёт'),
('fwefwe', 1, 'Нет'),
('fwefwe', 2, '6-8 часов'),
('fwefwe', 3, 'За душу берёт'),
('dsfew', 1, 'Нет'),
('dsfew', 2, 'болше 8 часов'),
('dsfew', 3, 'За душу берёт'),
('vfbfgdbgt', 1, 'Да'),
('vfbfgdbgt', 2, 'болше 8 часов'),
('vfbfgdbgt', 3, 'Реально'),
('fwefwef', 1, 'Да'),
('fwefwef', 2, '6-8 часов'),
('fwefwef', 3, 'Реально'),
('bfdtrh', 1, 'Да'),
('bfdtrh', 2, '6-8 часов'),
('bfdtrh', 3, 'За душу берёт'),
('cascas', 1, 'Нет'),
('cascas', 2, 'болше 8 часов'),
('cascas', 3, 'За душу берёт'),
('cdsvvvvf', 1, 'Нет'),
('cdsvvvvf', 2, '6-8 часов'),
('cdsvvvvf', 3, 'Ёу'),
('fdvbb', 1, 'Да'),
('fdvbb', 2, '6-8 часов'),
('fdvbb', 3, 'За душу берёт'),
('fwefew', 1, 'Нет'),
('fwefew', 2, 'болше 8 часов'),
('fwefew', 3, 'За душу берёт'),
('bdfbfdbf', 1, 'Да'),
('bdfbfdbf', 2, '6-8 часов'),
('bdfbfdbf', 3, 'За душу берёт'),
('vsdvds', 1, 'Да'),
('vsdvds', 2, '6-8 часов'),
('vsdvds', 3, 'За душу берёт'),
('vikehv', 1, 'Нет'),
('vikehv', 2, 'болше 8 часов'),
('vikehv', 3, 'Реально'),
('jgvdvsv', 1, 'Да'),
('jgvdvsv', 2, '6-8 часов'),
('jgvdvsv', 3, 'За душу берёт'),
('vdsvd', 1, 'Нет'),
('vdsvd', 2, '6-8 часов'),
('vdsvd', 3, 'За душу берёт'),
('vwevw', 1, 'Нет'),
('vwevw', 2, 'болше 8 часов'),
('vwevw', 3, 'За душу берёт'),
('vsddsv', 1, 'Да'),
('vsddsv', 2, '6-8 часов'),
('vsddsv', 3, 'За душу берёт'),
('jdhsv', 1, 'Да'),
('jdhsv', 2, '6-8 часов'),
('jdhsv', 3, 'За душу берёт'),
('vsdvsdv', 1, 'Нет'),
('vsdvsdv', 2, '6-8 часов'),
('vsdvsdv', 3, 'За душу берёт'),
('rgewfe', 1, 'Да'),
('rgewfe', 2, '3-5 часов'),
('rgewfe', 3, 'За душу берёт'),
('vsdvsdv', 1, 'Нет'),
('vsdvsdv', 2, '6-8 часов'),
('vsdvsdv', 3, 'За душу берёт'),
('vrever', 1, 'Да'),
('vrever', 2, '6-8 часов'),
('vrever', 3, 'За душу берёт'),
('vdsfvj', 1, 'Да'),
('vdsfvj', 2, '6-8 часов'),
('vdsfvj', 3, 'За душу берёт'),
('svsdvds', 1, 'Да'),
('svsdvds', 2, 'болше 8 часов'),
('svsdvds', 3, 'За душу берёт'),
('csacsc', 1, 'Да'),
('csacsc', 2, '6-8 часов'),
('csacsc', 3, 'За душу берёт'),
('cascs', 1, 'Нет'),
('cascs', 2, '6-8 часов'),
('cascs', 3, 'За душу берёт'),
('csacsa', 1, 'Да'),
('csacsa', 2, '6-8 часов'),
('csacsa', 3, 'За душу берёт'),
('csaca', 1, 'Да'),
('csaca', 2, '6-8 часов'),
('csaca', 3, 'За душу берёт'),
('vdsvsd', 1, 'Да'),
('vdsvsd', 2, '3-5 часов'),
('vdsvsd', 3, 'Реально'),
('ohcdsoj', 1, 'Да'),
('ohcdsoj', 2, '3-5 часов'),
('ohcdsoj', 3, 'За душу берёт'),
('giucsapok', 1, 'Да'),
('giucsapok', 2, 'болше 8 часов'),
('giucsapok', 3, 'За душу берёт'),
('ubhyioves', 1, 'Нет'),
('ubhyioves', 2, '0-2 часа'),
('ubhyioves', 3, 'Реально'),
('iehgybc', 1, 'Нет'),
('iehgybc', 2, '6-8 часов'),
('iehgybc', 3, 'За душу берёт'),
('jhyveedvew', 1, 'Нет'),
('jhyveedvew', 2, '6-8 часов'),
('jhyveedvew', 3, 'За душу берёт'),
('iubvvervrg', 1, 'Нет'),
('iubvvervrg', 2, 'болше 8 часов'),
('iubvvervrg', 3, 'За душу берёт'),
('lpmkerva', 1, 'Нет'),
('lpmkerva', 2, 'болше 8 часов'),
('lpmkerva', 3, 'За душу берёт'),
('cdvsvhnnth', 1, 'Нет'),
('cdvsvhnnth', 2, '6-8 часов'),
('cdvsvhnnth', 3, 'За душу берёт'),
('vwevwvew', 1, 'Нет'),
('vwevwvew', 2, '6-8 часов'),
('vwevwvew', 3, 'Реально'),
('jlkfhdbrsv', 1, 'Нет'),
('jlkfhdbrsv', 2, 'болше 8 часов'),
('jlkfhdbrsv', 3, 'За душу берёт'),
('ljyvdsvsdv', 1, 'Нет'),
('ljyvdsvsdv', 2, '6-8 часов'),
('ljyvdsvsdv', 3, 'За душу берёт'),
('дтжшсыф', 1, 'Нет'),
('дтжшсыф', 2, 'болше 8 часов'),
('дтжшсыф', 3, 'За душу берёт'),
('ulydcvsdjhvbc', 1, 'Да'),
('ulydcvsdjhvbc', 2, 'болше 8 часов'),
('ulydcvsdjhvbc', 3, 'За душу берёт'),
('hvcdjbcweweww', 1, 'Да'),
('hvcdjbcweweww', 2, 'болше 8 часов'),
('hvcdjbcweweww', 3, 'Ёу'),
('hvcplaskbas', 1, 'Да'),
('hvcplaskbas', 2, 'болше 8 часов'),
('hvcplaskbas', 3, 'За душу берёт'),
('одмсдивыс', 1, 'Нет'),
('одмсдивыс', 2, '0-2 часа'),
('одмсдивыс', 3, 'Реально'),
('ikjhsdv', 1, 'Да'),
('ikjhsdv', 2, '6-8 часов'),
('ikjhsdv', 3, 'За душу берёт'),
('vcsssacsacs', 1, 'Да'),
('vcsssacsacs', 2, '6-8 часов'),
('vcsssacsacs', 3, 'Реально'),
('рмплвсы', 1, 'Да'),
('рмплвсы', 2, '6-8 часов'),
('рмплвсы', 3, 'За душу берёт'),
('лрпмвсым', 1, 'Да'),
('лрпмвсым', 2, 'болше 8 часов'),
('лрпмвсым', 3, 'Ёу'),
('сагпе свыфгтиш', 1, 'Да'),
('сагпе свыфгтиш', 2, 'болше 8 часов'),
('сагпе свыфгтиш', 3, 'За душу берёт'),
('дорнмивым', 1, 'Да'),
('дорнмивым', 2, 'болше 8 часов'),
('дорнмивым', 3, 'За душу берёт'),
('сапнысфсвы', 1, 'Да'),
('сапнысфсвы', 2, 'болше 8 часов'),
('сапнысфсвы', 3, 'За душу берёт'),
('cvdskvsdc', 1, 'Да'),
('cvdskvsdc', 2, '6-8 часов'),
('cvdskvsdc', 3, 'Реально'),
('cdgfcdkjhn', 1, 'Да'),
('cdgfcdkjhn', 2, 'болше 8 часов'),
('cdgfcdkjhn', 3, 'За душу берёт'),
('ff', 1, 'Да'),
('ff', 2, '6-8 часов'),
('ff', 3, 'Реально'),
('83', 1, 'Нет'),
('83', 2, 'болше 8 часов'),
('83', 3, 'За душу берёт'),
('85', 1, 'Да'),
('85', 2, '3-5 часов'),
('85', 3, 'Ёу'),
('86', 1, 'Да'),
('86', 2, '6-8 часов'),
('86', 3, 'Реально'),
('87', 1, 'Да'),
('87', 2, '3-5 часов'),
('87', 3, 'Реально'),
('89', 1, 'Нет'),
('89', 2, '6-8 часов'),
('89', 3, 'За душу берёт'),
('90', 1, 'Да'),
('90', 2, '3-5 часов'),
('90', 3, 'Реально'),
('90', 1, 'Да'),
('90', 2, '6-8 часов'),
('90', 3, 'За душу берёт'),
('91', 1, 'Нет'),
('91', 2, '0-2 часа'),
('91', 3, 'Реально'),
('93', 1, 'Да'),
('93', 2, '6-8 часов'),
('93', 3, 'За душу берёт'),
('93', 1, 'Да'),
('93', 2, '6-8 часов'),
('93', 3, 'За душу берёт'),
('94', 1, 'Да'),
('94', 2, 'болше 8 часов'),
('94', 3, 'За душу берёт'),
('95', 1, 'Да'),
('95', 2, 'болше 8 часов'),
('95', 3, 'За душу берёт'),
('96', 1, 'Да'),
('96', 2, '6-8 часов'),
('96', 3, 'За душу берёт'),
('97', 1, 'Да'),
('97', 2, '6-8 часов'),
('97', 3, 'За душу берёт'),
('97', 4, 'Ответ 2'),
('98', 1, 'Да'),
('98', 2, '6-8 часов'),
('98', 3, 'За душу берёт'),
('98', 4, 'Ответ 1'),
('99', 1, 'Да'),
('99', 2, '3-5 часов'),
('99', 3, 'За душу берёт'),
('99', 4, 'Ответ 3'),
('100', 1, 'Да'),
('100', 2, '6-8 часов'),
('100', 3, 'Реально'),
('100', 4, 'Ответ 2'),
('100', 5, 'Ответ 1'),
('101', 1, 'Да'),
('101', 2, '6-8 часов'),
('101', 3, 'За душу берёт'),
('101', 4, 'Ответ 3'),
('101', 5, 'Ответ 4'),
('102', 1, 'Да'),
('102', 2, '3-5 часов'),
('102', 3, 'Реально'),
('102', 4, 'Ответ 2'),
('102', 5, 'Ответ 3'),
('103', 1, 'Да'),
('103', 2, '6-8 часов'),
('103', 3, 'За душу берёт'),
('103', 4, 'Ответ 2'),
('103', 5, 'Ответ 2'),
('104', 1, 'Да'),
('104', 2, '6-8 часов'),
('104', 3, 'За душу берёт'),
('104', 4, 'Ответ 3'),
('104', 5, 'Ответ 3');

-- --------------------------------------------------------

--
-- Структура таблицы `question`
--

CREATE TABLE `question` (
  `number_q` int NOT NULL,
  `text_q` text CHARACTER SET utf8mb4 COLLATE utf8mb4_general_ci NOT NULL,
  `ans` text CHARACTER SET utf8mb4 COLLATE utf8mb4_general_ci NOT NULL
) ENGINE=InnoDB DEFAULT CHARSET=utf8mb4 COLLATE=utf8mb4_general_ci;

--
-- Дамп данных таблицы `question`
--

INSERT INTO `question` (`number_q`, `text_q`, `ans`) VALUES
(1, 'Спал сегодня?', 'Да/Нет'),
(2, 'Сколько спал?', '0-2 часа/3-5 часов/6-8 часов/болше 8 часов'),
(3, 'Свег?', 'Ёу/Реально/За душу берёт'),
(4, 'Тестовый вопрос...', 'Ответ 1/Ответ 2/Ответ 3'),
(5, 'Тестовый вопрос 2...', 'Ответ 1/Ответ 2/Ответ 3/Ответ 4');

-- --------------------------------------------------------

--
-- Структура таблицы `users`
--

CREATE TABLE `users` (
  `id_user` int NOT NULL,
  `fio` text CHARACTER SET utf8mb4 COLLATE utf8mb4_general_ci NOT NULL,
  `age` int NOT NULL
) ENGINE=InnoDB DEFAULT CHARSET=utf8mb4 COLLATE=utf8mb4_general_ci;

--
-- Дамп данных таблицы `users`
--

INSERT INTO `users` (`id_user`, `fio`, `age`) VALUES
(1, 'грнаодрпм', 875),
(2, 'Сынгур александр денисович', 18),
(3, 'bafbreba', 43),
(4, 'икеекик', 546879),
(5, 'bebfvb', 54),
(6, 'sdvdvs', 54),
(7, 'gviervberv', 54),
(8, 'h5htgty', 65),
(9, 'dpbifhudfnb', 6),
(10, ';kb;j', 8),
(11, 'hthgfdb', 22),
(12, 'vjzhbkjvsnoer', 30),
(13, 'dbdfvfdvrfe', 32),
(14, 'vsdvvvvvvvvvvds', 4),
(15, 'hgcfvj', 56),
(16, 'fgkfll', 1),
(17, 'fgkfll', 1),
(18, 'арпмлмм', 22),
(19, 'hvdbajlfdbv', 21),
(20, 'мпируавку', 34),
(21, 'муамцуцуцу', 40),
(22, 'сфысвыфс', 37),
(23, 'cdscw', 32),
(24, 'verwvd', 32),
(25, 'fwefwe', 2),
(26, 'dsfew', 32),
(27, 'vfbfgdbgt', 43),
(28, 'vsdvvbtrhbtrjh', 43),
(29, 'fwefwef', 323),
(30, 'bfdtrh', 43),
(31, 'cascas', 323),
(32, 'cdsvvvvf', 43),
(33, 'fdvbb', 545),
(34, 'fwefew', 23),
(35, 'bdfbfdbf', 43),
(36, 'vsdfvd', 4343),
(37, 'vsdvds', 34),
(38, 'vikehv', 32),
(39, 'jgvdvsv', 11),
(40, 'vdsvd', 32),
(41, 'vwevw', 32),
(42, 'vsddsv', 342),
(43, 'jdhsv', 24),
(44, 'vsdvsdv', 46),
(45, 'rgewfe', 32),
(46, 'vsdvsdv', 43),
(47, 'vrever', 43),
(48, 'vdsfvj', 65),
(49, 'svsdvds', 23),
(50, 'csacsc', 21),
(51, 'cascs', 12),
(52, 'csacsa', 32),
(53, 'csaca', 32),
(54, 'csacas', 21),
(55, 'csacas', 21),
(56, 'vghfdv', 32),
(57, 'vdsvsd', 43),
(58, 'ohcdsoj', 23),
(59, 'giucsapok', 75),
(60, 'ubhyioves', 12),
(61, 'iehgybc', 32),
(62, 'jhyveedvew', 43),
(63, 'iubvvervrg', 43),
(64, 'lpmkerva', 23),
(65, 'cdvsvhnnth', 43),
(66, 'vwevwvew', 32),
(67, 'jlkfhdbrsv', 32),
(68, 'ljyvdsvsdv', 32),
(69, 'дтжшсыф', 21),
(70, 'ulydcvsdjhvbc', 52),
(71, 'hvcdjbcweweww', 21),
(72, 'hvcplaskbas', 32),
(73, 'одмсдивыс', 32),
(74, 'ikjhsdv', 342),
(75, 'vcsssacsacs', 21),
(76, 'рмплвсы', 11),
(77, 'лрпмвсым', 32),
(78, 'сагпе свыфгтиш', 43),
(79, 'дорнмивым', 32),
(80, 'сапнысфсвы', 32),
(81, 'cvdskvsdc', 32),
(82, 'cdgfcdkjhn', 32),
(83, 'ff', 21),
(84, 'dd', 21),
(85, 'ss', 32),
(86, 'Я школьник', 12),
(87, 'Я студент', 22),
(88, 'Я студент', 32),
(89, 'Я студент', 19),
(90, 'Я рабоатю', 60),
(91, 'Я рабоатю', 34),
(92, 'Я школьник', 43),
(93, 'Я студент', 43),
(94, 'Я школьник', 7),
(95, 'Я школьник', 12),
(96, 'Я школьник', 14),
(97, 'Я школьник', 15),
(98, 'Я школьник', 13),
(99, 'Я студент', 22),
(100, 'Я школьник', 17),
(101, 'Я школьник', 32),
(102, 'Я студент', 23),
(103, 'Я студент', 22),
(104, 'Я школьник', 15);

--
-- Индексы сохранённых таблиц
--

--
-- Индексы таблицы `question`
--
ALTER TABLE `question`
  ADD PRIMARY KEY (`number_q`);

--
-- Индексы таблицы `users`
--
ALTER TABLE `users`
  ADD PRIMARY KEY (`id_user`);

--
-- AUTO_INCREMENT для сохранённых таблиц
--

--
-- AUTO_INCREMENT для таблицы `users`
--
ALTER TABLE `users`
  MODIFY `id_user` int NOT NULL AUTO_INCREMENT, AUTO_INCREMENT=105;
COMMIT;

/*!40101 SET CHARACTER_SET_CLIENT=@OLD_CHARACTER_SET_CLIENT */;
/*!40101 SET CHARACTER_SET_RESULTS=@OLD_CHARACTER_SET_RESULTS */;
/*!40101 SET COLLATION_CONNECTION=@OLD_COLLATION_CONNECTION */;
